id;ogid;tenant_key;tenant_user_key;tenant_user_block
1;circuit International;Manat;Global;systems
2;Handcrafted database;withdrawal Assurance redundant;e-business Georgia;e-commerce intermediate SMTP
3;payment user-centric killer;Implementation;Executive;Factors
4;scalable;extensible context-sensitive Divide;FTP Engineer;Assistant
5;silver vortals;Configurable Saint Barthelemy;magnetic;success indexing Zambian Kwacha
6;Metrics SQL application;compressing Buckinghamshire;transform;Chief primary
7;indexing Legacy;Alaska indigo;Tennessee;Republic of Korea Architect
8;Orchestrator;technologies Lodge Soft;Overpass Rustic Fantastic Fresh Salad;Checking Account Fantastic
9;compress orchestrate visionary;silver;Investor Developer Avon;deposit
10;overriding Intranet Handmade;enable Steel;Plastic Generic Concrete Chips;Tools
